sitemap_url,source_level_inbound_links,sample_source_pages
/,79,404.html | about/index.html | briefing/archive/issue-001/index.html | briefing/index.html | compliance/index.html | contact/index.html | corrections/index.html | data/dataset-terms/index.html
/about/,79,404.html | about/index.html | briefing/archive/issue-001/index.html | briefing/index.html | compliance/index.html | contact/index.html | corrections/index.html | data/dataset-terms/index.html
/briefing/,23,404.html | briefing/archive/issue-001/index.html | briefing/index.html | contact/index.html | data/dataset-terms/index.html | data/index.html | data/state-of-pickleball-us-2026/media/index.html | disclosure.html
/briefing/archive/issue-001/,2,briefing/index.html | index.html
/compliance/,4,gear/index.html | learn/index.html | learn/pickleball-distraction-rule/index.html | learn/wrong-score-called-pickleball/index.html
/contact/,76,404.html | about/index.html | briefing/archive/issue-001/index.html | briefing/index.html | compliance/index.html | contact/index.html | corrections/index.html | data/dataset-terms/index.html
/corrections/,62,404.html | about/index.html | briefing/archive/issue-001/index.html | briefing/index.html | compliance/index.html | contact/index.html | corrections/index.html | data/dataset-terms/index.html
/data/,79,404.html | about/index.html | briefing/archive/issue-001/index.html | briefing/index.html | compliance/index.html | contact/index.html | corrections/index.html | data/dataset-terms/index.html
/data/dataset-terms/,4,data/index.html | data/pickleball-courts-by-state-2026/index.html | data/state-of-pickleball-us-2026/index.html | data/state-of-pickleball-us-2026/media/index.html
/data/pickleball-court-supply-gap-2026/,7,briefing/archive/issue-001/index.html | data/index.html | data/pickleball-facility-scale-by-state-2026/index.html | data/state-of-pickleball-us-2026/media/index.html | index.html | learn/pickleball-backyard-court-dimensions/index.html | stories/pickleball-noise-court-planning/index.html
/data/pickleball-courts-by-state-2026/,8,data/index.html | data/pickleball-court-supply-gap-2026/index.html | data/pickleball-facility-scale-by-state-2026/index.html | data/pickleball-vs-tennis-participation/index.html | data/rise-of-pickleball/index.html | data/state-of-pickleball-us-2026/media/index.html | index.html | stories/pickleball-noise-court-planning/index.html
/data/pickleball-facility-scale-by-state-2026/,2,data/index.html | data/state-of-pickleball-us-2026/index.html
/data/pickleball-vs-tennis-participation/,2,data/index.html | index.html
/data/pickleball-world-rankings/,3,briefing/archive/issue-001/index.html | data/index.html | index.html
/data/rise-of-pickleball/,5,data/index.html | data/pickleball-courts-by-state-2026/index.html | data/pickleball-vs-tennis-participation/index.html | data/state-of-pickleball-us-2026/index.html | stories/history-of-pickleball/index.html
/data/state-of-pickleball-us-2026/,8,briefing/archive/issue-001/index.html | data/index.html | data/pickleball-court-supply-gap-2026/index.html | data/pickleball-courts-by-state-2026/index.html | data/pickleball-vs-tennis-participation/index.html | data/rise-of-pickleball/index.html | data/state-of-pickleball-us-2026/media/index.html | index.html
/data/state-of-pickleball-us-2026/media/,2,data/index.html | data/state-of-pickleball-us-2026/index.html
/disclosure.html,79,404.html | about/index.html | briefing/archive/issue-001/index.html | briefing/index.html | compliance/index.html | contact/index.html | corrections/index.html | data/dataset-terms/index.html
/editorial/,63,404.html | about/index.html | briefing/archive/issue-001/index.html | briefing/index.html | compliance/index.html | contact/index.html | corrections/index.html | data/dataset-terms/index.html
/gear/,79,404.html | about/index.html | briefing/archive/issue-001/index.html | briefing/index.html | compliance/index.html | contact/index.html | corrections/index.html | data/dataset-terms/index.html
/gear/14mm-vs-16mm-pickleball-paddles/,6,gear/elongated-vs-standard-pickleball-paddles/index.html | gear/how-to-choose-first-pickleball-paddle/index.html | gear/index.html | gear/pickleball-paddle-swing-weight/index.html | gear/pickleball-paddle-twist-weight/index.html | gear/pickleball-paddle-weight-guide/index.html
/gear/best-pickleball-paddles-under-100/,3,gear/how-to-choose-first-pickleball-paddle/index.html | gear/index.html | gear/intelligence/index.html
/gear/elongated-vs-standard-pickleball-paddles/,3,gear/14mm-vs-16mm-pickleball-paddles/index.html | gear/how-to-choose-first-pickleball-paddle/index.html | gear/index.html
/gear/how-to-choose-first-pickleball-paddle/,5,gear/14mm-vs-16mm-pickleball-paddles/index.html | gear/index.html | gear/pickleball-paddle-swing-weight/index.html | gear/pickleball-paddle-warranties/index.html | gear/pickleball-paddle-weight-guide/index.html
/gear/intelligence/,2,gear/index.html | methodology/index.html
/gear/is-my-pickleball-paddle-legal/,8,compliance/index.html | data/state-of-pickleball-us-2026/index.html | gear/how-to-choose-first-pickleball-paddle/index.html | gear/index.html | gear/paddle-approval-watch/index.html | gear/pickleball-core-crushing-vs-delamination/index.html | gear/pickleball-paddle-break-in/index.html | gear/pickleball-paddle-warranties/index.html
/gear/paddle-approval-watch/,5,briefing/archive/issue-001/index.html | compliance/index.html | gear/index.html | gear/intelligence/index.html | index.html
/gear/pickleball-core-crushing-vs-delamination/,7,gear/14mm-vs-16mm-pickleball-paddles/index.html | gear/index.html | gear/is-my-pickleball-paddle-legal/index.html | gear/paddle-approval-watch/index.html | gear/pickleball-core-crushing-vs-delamination/index.html | gear/pickleball-paddle-break-in/index.html | gear/pickleball-paddle-warranties/index.html
/gear/pickleball-paddle-break-in/,5,gear/index.html | gear/is-my-pickleball-paddle-legal/index.html | gear/paddle-approval-watch/index.html | gear/pickleball-paddle-break-in/index.html | gear/pickleball-paddle-warranties/index.html
/gear/pickleball-paddle-swing-weight/,7,gear/14mm-vs-16mm-pickleball-paddles/index.html | gear/elongated-vs-standard-pickleball-paddles/index.html | gear/index.html | gear/is-my-pickleball-paddle-legal/index.html | gear/pickleball-core-crushing-vs-delamination/index.html | gear/pickleball-paddle-swing-weight/index.html | gear/pickleball-paddle-twist-weight/index.html
/gear/pickleball-paddle-twist-weight/,6,gear/14mm-vs-16mm-pickleball-paddles/index.html | gear/elongated-vs-standard-pickleball-paddles/index.html | gear/index.html | gear/is-my-pickleball-paddle-legal/index.html | gear/pickleball-core-crushing-vs-delamination/index.html | gear/pickleball-paddle-twist-weight/index.html
/gear/pickleball-paddle-warranties/,5,gear/how-to-choose-first-pickleball-paddle/index.html | gear/index.html | gear/intelligence/index.html | gear/paddle-approval-watch/index.html | gear/pickleball-paddle-warranties/index.html
/gear/pickleball-paddle-weight-guide/,9,gear/14mm-vs-16mm-pickleball-paddles/index.html | gear/elongated-vs-standard-pickleball-paddles/index.html | gear/how-to-choose-first-pickleball-paddle/index.html | gear/index.html | gear/is-my-pickleball-paddle-legal/index.html | gear/pickleball-core-crushing-vs-delamination/index.html | gear/pickleball-paddle-swing-weight/index.html | gear/pickleball-paddle-twist-weight/index.html
/india/,2,india/how-many-people-play-pickleball-india/index.html | india/state-of-pickleball-india-2026/index.html
/india/how-many-people-play-pickleball-india/,2,data/rise-of-pickleball/index.html | india/index.html
/india/state-of-pickleball-india-2026/,3,data/index.html | india/how-many-people-play-pickleball-india/index.html | india/index.html
/learn/,79,404.html | about/index.html | briefing/archive/issue-001/index.html | briefing/index.html | compliance/index.html | contact/index.html | corrections/index.html | data/dataset-terms/index.html
/learn/around-the-post-pickleball-atp-rules/,3,learn/can-you-touch-net-pickleball/index.html | learn/index.html | learn/pickleball-hinder-rule/index.html
/learn/can-paddle-cross-net-pickleball/,9,learn/around-the-post-pickleball-atp-rules/index.html | learn/can-you-call-fault-opponent-pickleball/index.html | learn/can-you-touch-net-pickleball/index.html | learn/index.html | learn/pickleball-double-hit-rule/index.html | learn/pickleball-faults/index.html | learn/pickleball-hinder-rule/index.html | learn/pickleball-kitchen-rules/index.html
/learn/can-pickleball-serve-hit-net/,4,learn/can-you-touch-net-pickleball/index.html | learn/index.html | learn/pickleball-rules-2026/index.html | learn/pickleball-serving-rules/index.html
/learn/can-you-call-fault-opponent-pickleball/,2,learn/index.html | learn/pickleball-faults/index.html
/learn/can-you-stand-in-kitchen-pickleball/,4,learn/index.html | learn/pickleball-foot-faults/index.html | learn/pickleball-kitchen-rules/index.html | learn/pickleball-rules-2026/index.html
/learn/can-you-touch-net-pickleball/,3,learn/index.html | learn/pickleball-faults/index.html | learn/pickleball-kitchen-momentum-rule/index.html
/learn/dupr-rating-explained/,5,learn/dupr-reliability-score-explained/index.html | learn/how-to-get-dupr-rating/index.html | learn/index.html | learn/what-is-a-good-dupr-rating/index.html | learn/why-did-my-dupr-go-down-after-winning/index.html
/learn/dupr-reliability-score-explained/,3,learn/dupr-rating-explained/index.html | learn/how-to-get-dupr-rating/index.html | learn/index.html
/learn/how-to-get-dupr-rating/,2,learn/dupr-rating-explained/index.html | learn/index.html
/learn/how-to-play-pickleball/,6,index.html | india/state-of-pickleball-india-2026/index.html | learn/index.html | learn/pickleball-serving-rules/index.html | learn/pickleball-two-bounce-rule/index.html | stories/history-of-pickleball/index.html
/learn/pickleball-backyard-court-dimensions/,2,learn/index.html | learn/pickleball-court-dimensions/index.html
/learn/pickleball-ball-hits-player-rule/,5,learn/index.html | learn/pickleball-carry-rule/index.html | learn/pickleball-faults/index.html | learn/pickleball-rule-changes-2027/index.html | learn/pickleball-rules-2026/index.html
/learn/pickleball-carry-rule/,4,learn/can-you-call-fault-opponent-pickleball/index.html | learn/index.html | learn/pickleball-double-hit-rule/index.html | learn/pickleball-faults/index.html
/learn/pickleball-court-dimensions/,8,learn/can-pickleball-serve-hit-net/index.html | learn/how-to-play-pickleball/index.html | learn/index.html | learn/pickleball-backyard-court-dimensions/index.html | learn/pickleball-rules-2026/index.html | learn/pickleball-serving-rules/index.html | learn/pickleball-singles-vs-doubles-rules/index.html | learn/where-to-stand-to-serve-pickleball/index.html
/learn/pickleball-distraction-rule/,2,learn/index.html | learn/pickleball-permanent-object-rule/index.html
/learn/pickleball-double-hit-rule/,6,learn/index.html | learn/pickleball-ball-hits-player-rule/index.html | learn/pickleball-carry-rule/index.html | learn/pickleball-faults/index.html | learn/pickleball-rule-changes-2027/index.html | learn/pickleball-rules-2026/index.html
/learn/pickleball-faults/,21,learn/around-the-post-pickleball-atp-rules/index.html | learn/can-paddle-cross-net-pickleball/index.html | learn/can-you-call-fault-opponent-pickleball/index.html | learn/can-you-stand-in-kitchen-pickleball/index.html | learn/can-you-touch-net-pickleball/index.html | learn/how-to-play-pickleball/index.html | learn/index.html | learn/pickleball-ball-hits-player-rule/index.html
/learn/pickleball-foot-faults/,6,learn/can-you-call-fault-opponent-pickleball/index.html | learn/index.html | learn/pickleball-faults/index.html | learn/pickleball-rules-2026/index.html | learn/pickleball-serving-rules/index.html | learn/where-to-stand-to-serve-pickleball/index.html
/learn/pickleball-hinder-rule/,4,learn/index.html | learn/pickleball-distraction-rule/index.html | learn/pickleball-line-calls-who-makes-call/index.html | learn/pickleball-permanent-object-rule/index.html
/learn/pickleball-kitchen-momentum-rule/,7,learn/can-you-call-fault-opponent-pickleball/index.html | learn/can-you-stand-in-kitchen-pickleball/index.html | learn/index.html | learn/pickleball-faults/index.html | learn/pickleball-foot-faults/index.html | learn/pickleball-kitchen-rules/index.html | learn/pickleball-rules-2026/index.html
/learn/pickleball-kitchen-rules/,16,learn/around-the-post-pickleball-atp-rules/index.html | learn/can-paddle-cross-net-pickleball/index.html | learn/can-pickleball-serve-hit-net/index.html | learn/can-you-stand-in-kitchen-pickleball/index.html | learn/how-to-play-pickleball/index.html | learn/index.html | learn/pickleball-backyard-court-dimensions/index.html | learn/pickleball-court-dimensions/index.html
/learn/pickleball-line-calls-who-makes-call/,4,learn/can-you-call-fault-opponent-pickleball/index.html | learn/index.html | learn/pickleball-faults/index.html | learn/pickleball-kitchen-momentum-rule/index.html
/learn/pickleball-line-rules/,11,learn/can-you-stand-in-kitchen-pickleball/index.html | learn/index.html | learn/pickleball-backyard-court-dimensions/index.html | learn/pickleball-ball-hits-player-rule/index.html | learn/pickleball-court-dimensions/index.html | learn/pickleball-distraction-rule/index.html | learn/pickleball-faults/index.html | learn/pickleball-kitchen-rules/index.html
/learn/pickleball-permanent-object-rule/,2,learn/can-you-touch-net-pickleball/index.html | learn/index.html
/learn/pickleball-rule-changes-2027/,5,briefing/archive/issue-001/index.html | compliance/index.html | index.html | learn/index.html | learn/pickleball-rules-2026/index.html
/learn/pickleball-rules-2026/,21,compliance/index.html | index.html | learn/around-the-post-pickleball-atp-rules/index.html | learn/can-paddle-cross-net-pickleball/index.html | learn/can-pickleball-serve-hit-net/index.html | learn/how-to-play-pickleball/index.html | learn/index.html | learn/pickleball-ball-hits-player-rule/index.html
/learn/pickleball-scoring/,11,index.html | learn/how-to-play-pickleball/index.html | learn/index.html | learn/pickleball-rule-changes-2027/index.html | learn/pickleball-rules-2026/index.html | learn/pickleball-serving-rules/index.html | learn/pickleball-singles-vs-doubles-rules/index.html | learn/what-does-0-0-2-mean-pickleball/index.html
/learn/pickleball-serving-rules/,18,learn/can-pickleball-serve-hit-net/index.html | learn/how-to-play-pickleball/index.html | learn/index.html | learn/pickleball-ball-hits-player-rule/index.html | learn/pickleball-carry-rule/index.html | learn/pickleball-court-dimensions/index.html | learn/pickleball-double-hit-rule/index.html | learn/pickleball-faults/index.html
/learn/pickleball-singles-vs-doubles-rules/,8,learn/how-to-play-pickleball/index.html | learn/index.html | learn/pickleball-court-dimensions/index.html | learn/pickleball-rules-2026/index.html | learn/pickleball-scoring/index.html | learn/what-does-0-0-2-mean-pickleball/index.html | learn/where-to-stand-to-serve-pickleball/index.html | learn/wrong-server-receiver-pickleball/index.html
/learn/pickleball-two-bounce-rule/,10,learn/can-paddle-cross-net-pickleball/index.html | learn/can-pickleball-serve-hit-net/index.html | learn/how-to-play-pickleball/index.html | learn/index.html | learn/pickleball-double-hit-rule/index.html | learn/pickleball-faults/index.html | learn/pickleball-kitchen-rules/index.html | learn/pickleball-rules-2026/index.html
/learn/what-does-0-0-2-mean-pickleball/,3,learn/index.html | learn/pickleball-rules-2026/index.html | learn/pickleball-scoring/index.html
/learn/what-is-a-good-dupr-rating/,5,learn/dupr-rating-explained/index.html | learn/dupr-reliability-score-explained/index.html | learn/how-to-get-dupr-rating/index.html | learn/index.html | learn/why-did-my-dupr-go-down-after-winning/index.html
/learn/where-to-stand-to-serve-pickleball/,2,learn/index.html | learn/pickleball-serving-rules/index.html
/learn/why-did-my-dupr-go-down-after-winning/,4,learn/dupr-rating-explained/index.html | learn/dupr-reliability-score-explained/index.html | learn/how-to-get-dupr-rating/index.html | learn/index.html
/learn/wrong-score-called-pickleball/,3,compliance/index.html | learn/index.html | learn/pickleball-line-calls-who-makes-call/index.html
/learn/wrong-server-receiver-pickleball/,4,learn/index.html | learn/pickleball-rule-changes-2027/index.html | learn/what-does-0-0-2-mean-pickleball/index.html | learn/wrong-score-called-pickleball/index.html
/methodology/,79,404.html | about/index.html | briefing/archive/issue-001/index.html | briefing/index.html | compliance/index.html | contact/index.html | corrections/index.html | data/dataset-terms/index.html
/privacy.html,79,404.html | about/index.html | briefing/archive/issue-001/index.html | briefing/index.html | compliance/index.html | contact/index.html | corrections/index.html | data/dataset-terms/index.html
/stories/,79,404.html | about/index.html | briefing/archive/issue-001/index.html | briefing/index.html | compliance/index.html | contact/index.html | corrections/index.html | data/dataset-terms/index.html
/stories/history-of-pickleball/,4,data/rise-of-pickleball/index.html | data/state-of-pickleball-us-2026/index.html | stories/index.html | stories/pickleball-noise-court-planning/index.html
/stories/pickleball-noise-court-planning/,2,data/pickleball-courts-by-state-2026/index.html | stories/index.html
